{
  "id": "liquidbounce",
  "name": "LiquidBounce",
  "version": "0.1.0",
  "authors": ["CCBlueX"],
  "screens": [
    "clickgui",
    "title",
    "proxymanager",
    "multiplayer",
    "altmanager",
    "customize",
    "singleplayer"
  ],
  "overlays": [
    "hud",
    "inventory",
    "container",
    "disconnected",
    "browser"
  ],
  "components": [
    "Watermark",
    "TabGui",
    "ArrayList",
    "Notifications",
    "Hotbar",
    "Scoreboard",
    "ArmorItems",
    "Inventory",
    "CraftingInventory",
    "TargetHud",
    "BlockCounter",
    "Effects",
    "Keystrokes",
    "Taco",
    "Image",
    "Text"
  ],
  "fonts": [
    "Inter-Black.ttf",
    "Inter-Bold.ttf",
    "Inter-ExtraBold.ttf",
    "Inter-ExtraLight.ttf",
    "Inter-Light.ttf",
    "Inter-Medium.ttf",
    "Inter-Regular.ttf",
    "Inter-SemiBold.ttf",
    "Inter-Thin.ttf"
  ],
  "backgrounds": [
    {
      "name": "background",
      "types": ["frag", "png"]
    }
  ],
  "values": []
}
